Tipo,Lunes,Martes,Miercoles,Jueves,Viernes,Sabado,Domingo
Vidrio,,,,,,,990
Carton y Papeles,,,3672,4788,,,,
Vidrio,,,,,,,3672
Carton y Papeles,,,1154,852,,,,
Vidrio,,,,,,,1557
Vidrio,,,,,,,2972
Plastico,,,,,2872,4577,
Vidrio,,,,,,,3849
Carton y Papeles,,,381,2225,,,,
Vidrio,,,,,,,4151
Carton y Papeles,,,3641,2867,,,,
Vidrio,,,,,,,1315
Plastico,,,,,1661,1230,
Pilas,3834,1155,,,,,,
Pilas,633,4727,,,,,,
Plastico,,,,,1688,479,
Carton y Papeles,,,4497,4906,,,,
Plastico,,,,,1475,4030,
Vidrio,,,,,,,3522
Pilas,600,3804,,,,,,
Carton y Papeles,,,1107,4207,,,,
Plastico,,,,,1000,3327,
Carton y Papeles,,,2215,2305,,,,
Plastico,,,,,4697,4878,
Pilas,752,2138,,,,,,
Plastico,,,,,1731,612,
Plastico,,,,,2111,3234,
Vidrio,,,,,,,3269
Pilas,1738,3552,,,,,,
Vidrio,,,,,,,161
Pilas,551,3865,,,,,,
Carton y Papeles,,,2910,4324,,,,
Vidrio,,,,,,,3810
Vidrio,,,,,,,4260
Carton y Papeles,,,1109,1566,,,,
Plastico,,,,,887,3958,
Vidrio,,,,,,,2925
Pilas,1862,3438,,,,,,
Plastico,,,,,225,1572,
Carton y Papeles,,,3395,200,,,,
Pilas,1847,151,,,,,,
Carton y Papeles,,,4331,1954,,,,
Plastico,,,,,2972,1116,
Plastico,,,,,1387,1178,
Plastico,,,,,547,3355,
Vidrio,,,,,,,3365
Carton y Papeles,,,1006,3575,,,,
Pilas,3831,1712,,,,,,
Vidrio,,,,,,,3521
Plastico,,,,,4852,4993,
Pilas,3147,1445,,,,,,
Pilas,1246,2848,,,,,,
Carton y Papeles,,,1829,4702,,,,
Vidrio,,,,,,,4701
Plastico,,,,,3237,2340,
Pilas,2347,4139,,,,,,
Vidrio,,,,,,,2466
Pilas,4137,3372,,,,,,
Pilas,2001,3456,,,,,,
Pilas,1628,3229,,,,,,
Plastico,,,,,1381,3123,
Plastico,,,,,780,820,
Plastico,,,,,1927,3569,
Vidrio,,,,,,,5008
Vidrio,,,,,,,110
Plastico,,,,,1494,4600,
Plastico,,,,,4542,1847,
Plastico,,,,,2198,566,
Plastico,,,,,1235,190,
Plastico,,,,,4488,4898,
Plastico,,,,,1017,3028,
Carton y Papeles,,,3650,2403,,,,
Vidrio,,,,,,,4330
Vidrio,,,,,,,1618
Carton y Papeles,,,2944,3797,,,,
Plastico,,,,,2368,3808,
Pilas,114,3308,,,,,,
Plastico,,,,,4556,1407,
Pilas,1654,3225,,,,,,
Vidrio,,,,,,,4141
Pilas,3069,3530,,,,,,
Plastico,,,,,1504,799,
Plastico,,,,,2001,4349,
Carton y Papeles,,,4440,3579,,,,
Carton y Papeles,,,2310,2341,,,,
Carton y Papeles,,,1008,4659,,,,
Carton y Papeles,,,1068,4191,,,,
Vidrio,,,,,,,4276
Carton y Papeles,,,5008,1935,,,,
Plastico,,,,,2914,1413,
Carton y Papeles,,,1956,4629,,,,
Plastico,,,,,386,3995,
Plastico,,,,,2437,1290,
Vidrio,,,,,,,1686
Vidrio,,,,,,,2664
Carton y Papeles,,,4860,4874,,,,
Plastico,,,,,1678,2134,
Carton y Papeles,,,2115,3102,,,,
Pilas,2567,3630,,,,,,
Plastico,,,,,3827,1818,
Pilas,1641,3131,,,,,,
Carton y Papeles,,,4849,4012,,,,
Vidrio,,,,,,,1487
Vidrio,,,,,,,4234
Pilas,449,2457,,,,,,
Plastico,,,,,2589,1373,
Pilas,3701,2500,,,,,,
Plastico,,,,,279,4534,
Pilas,3647,2537,,,,,,
Pilas,2466,2419,,,,,,
Plastico,,,,,2545,4137,
Plastico,,,,,4086,2168,
Vidrio,,,,,,,188
Pilas,623,1575,,,,,,
Pilas,1109,300,,,,,,
Carton y Papeles,,,4818,610,,,,
Plastico,,,,,1092,3690,
Pilas,3492,429,,,,,,
Vidrio,,,,,,,4278
Carton y Papeles,,,4462,3067,,,,
Carton y Papeles,,,1828,387,,,,
Pilas,625,4424,,,,,,
Plastico,,,,,4612,1493,
Plastico,,,,,4700,3825,
Carton y Papeles,,,2527,317,,,,
Plastico,,,,,2727,2159,
Pilas,4590,2841,,,,,,
Pilas,3180,2125,,,,,,
Pilas,4861,2941,,,,,,
Vidrio,,,,,,,1498
Vidrio,,,,,,,5074
Pilas,1736,361,,,,,,
Pilas,2261,1038,,,,,,
Plastico,,,,,3125,3783,
Pilas,4077,2508,,,,,,
Carton y Papeles,,,1505,4078,,,,
Vidrio,,,,,,,4132
Carton y Papeles,,,1628,3622,,,,
Plastico,,,,,4712,3055,
Pilas,3893,2816,,,,,,
Carton y Papeles,,,900,4215,,,,
Pilas,2226,4923,,,,,,
Pilas,2488,1647,,,,,,
Plastico,,,,,4778,2853,
Vidrio,,,,,,,3461
Plastico,,,,,2157,869,
Vidrio,,,,,,,4914
Vidrio,,,,,,,1399
Plastico,,,,,2236,4279,
Carton y Papeles,,,3719,243,,,,
Pilas,2227,4036,,,,,,
Pilas,4928,4836,,,,,,
Vidrio,,,,,,,1184
Vidrio,,,,,,,4782
Carton y Papeles,,,703,2681,,,,
Vidrio,,,,,,,381
Vidrio,,,,,,,4914
Plastico,,,,,237,3323,
Vidrio,,,,,,,3452
Carton y Papeles,,,1963,4751,,,,
Pilas,451,282,,,,,,
Carton y Papeles,,,4070,426,,,,
Carton y Papeles,,,2549,4362,,,,
Carton y Papeles,,,3729,451,,,,
Carton y Papeles,,,4814,2314,,,,
Vidrio,,,,,,,143
Carton y Papeles,,,4305,1878,,,,
Plastico,,,,,992,3044,
Pilas,2481,1268,,,,,,
Vidrio,,,,,,,833
Carton y Papeles,,,4874,1837,,,,
Carton y Papeles,,,1578,2019,,,,
Plastico,,,,,1900,2345,
Vidrio,,,,,,,4350
Pilas,4269,4331,,,,,,
Vidrio,,,,,,,4858
Carton y Papeles,,,1877,2833,,,,
Pilas,1046,2038,,,,,,
Plastico,,,,,1848,4282,
Vidrio,,,,,,,3996
Vidrio,,,,,,,4035
Vidrio,,,,,,,3749
Pilas,1682,1838,,,,,,
Plastico,,,,,4512,109,
Pilas,1312,3707,,,,,,
Pilas,1914,1567,,,,,,
Carton y Papeles,,,1146,4778,,,,
Vidrio,,,,,,,1443
Vidrio,,,,,,,4644
Pilas,3853,2935,,,,,,
Plastico,,,,,1953,2117,
Carton y Papeles,,,849,5033,,,,
Pilas,2656,5034,,,,,,
Carton y Papeles,,,590,3124,,,,
Vidrio,,,,,,,5002
Carton y Papeles,,,3235,2567,,,,
Pilas,4767,733,,,,,,
Vidrio,,,,,,,468
Vidrio,,,,,,,589
Vidrio,,,,,,,4475
Pilas,1824,2511,,,,,,
Carton y Papeles,,,4659,369,,,,
Plastico,,,,,3028,4643,
Vidrio,,,,,,,4313
Vidrio,,,,,,,3660
Vidrio,,,,,,,4608
Plastico,,,,,4975,1003,
Carton y Papeles,,,4361,4139,,,,
Pilas,2353,158,,,,,,
Carton y Papeles,,,3165,1879,,,,
Carton y Papeles,,,5006,4058,,,,
Pilas,3303,2134,,,,,,
Vidrio,,,,,,,1704
Carton y Papeles,,,1296,1959,,,,
Plastico,,,,,2191,4314,
Vidrio,,,,,,,1295
Plastico,,,,,3391,2155,
Carton y Papeles,,,3266,3059,,,,
Plastico,,,,,2527,3450,
Plastico,,,,,4781,4860,
Vidrio,,,,,,,4198
Vidrio,,,,,,,2956
Pilas,1950,1472,,,,,,
Vidrio,,,,,,,336
Vidrio,,,,,,,1616
Plastico,,,,,3596,4827,
Pilas,687,4041,,,,,,
Vidrio,,,,,,,3234
Pilas,1590,1642,,,,,,
Carton y Papeles,,,4757,953,,,,
Vidrio,,,,,,,2184
Vidrio,,,,,,,545
Carton y Papeles,,,415,612,,,,
Vidrio,,,,,,,1955
Carton y Papeles,,,4024,157,,,,
Carton y Papeles,,,2583,393,,,,
Carton y Papeles,,,451,3575,,,,
Carton y Papeles,,,178,335,,,,
Pilas,4120,3535,,,,,,
Vidrio,,,,,,,2188
Carton y Papeles,,,4957,1137,,,,
Plastico,,,,,810,4920,
Vidrio,,,,,,,1365
Carton y Papeles,,,1236,1680,,,,
Carton y Papeles,,,4804,4887,,,,
Plastico,,,,,3728,1296,
Pilas,2563,1590,,,,,,
Carton y Papeles,,,4267,1417,,,,
Plastico,,,,,4345,3005,
Plastico,,,,,4717,1440,
Carton y Papeles,,,3157,2717,,,,
Plastico,,,,,4194,3652,
Pilas,366,1671,,,,,,
Carton y Papeles,,,1983,4159,,,,
Plastico,,,,,465,215,
Carton y Papeles,,,3667,195,,,,
Plastico,,,,,667,4011,
Pilas,2412,3178,,,,,,
Carton y Papeles,,,2398,3775,,,,
Plastico,,,,,2565,4745,
Plastico,,,,,1046,2802,
Pilas,737,3249,,,,,,
Pilas,1137,4867,,,,,,
Vidrio,,,,,,,2803
Vidrio,,,,,,,4942
Carton y Papeles,,,3468,5058,,,,
Plastico,,,,,2035,1505,
Pilas,3955,416,,,,,,
Pilas,1267,4846,,,,,,
Plastico,,,,,3566,3522,
Pilas,2383,3167,,,,,,
Vidrio,,,,,,,3329
Carton y Papeles,,,2827,3966,,,,
Plastico,,,,,687,5004,
Plastico,,,,,1470,4059,
Carton y Papeles,,,1312,1360,,,,
Carton y Papeles,,,1270,3046,,,,
Pilas,2676,1667,,,,,,
Vidrio,,,,,,,4344
Vidrio,,,,,,,2523
Vidrio,,,,,,,497
Carton y Papeles,,,3865,1282,,,,
Pilas,3284,1053,,,,,,
Carton y Papeles,,,1757,132,,,,
Pilas,3380,2071,,,,,,
Pilas,4770,3441,,,,,,
Vidrio,,,,,,,4163
Carton y Papeles,,,4547,1924,,,,
Pilas,2493,2972,,,,,,
Pilas,412,4228,,,,,,
Pilas,376,1651,,,,,,
Vidrio,,,,,,,773
Pilas,4456,1955,,,,,,
Pilas,3992,4260,,,,,,
Carton y Papeles,,,650,4292,,,,
Carton y Papeles,,,3930,1263,,,,
Carton y Papeles,,,4952,956,,,,
Pilas,367,510,,,,,,
Vidrio,,,,,,,3543
Plastico,,,,,4749,1415,
Plastico,,,,,5061,1895,
Plastico,,,,,1689,3446,
Plastico,,,,,2363,3590,
Plastico,,,,,570,1906,
Vidrio,,,,,,,4731
Pilas,933,275,,,,,,
Carton y Papeles,,,1115,2791,,,,
Vidrio,,,,,,,967
Vidrio,,,,,,,3095
Plastico,,,,,409,3999,
Carton y Papeles,,,2895,3648,,,,
Pilas,2737,4961,,,,,,
Pilas,2828,1551,,,,,,
Plastico,,,,,3510,166,
Carton y Papeles,,,1252,1988,,,,
Vidrio,,,,,,,1535
Vidrio,,,,,,,3363
Pilas,4499,2985,,,,,,
Vidrio,,,,,,,2190
Pilas,1954,2089,,,,,,
Vidrio,,,,,,,4440
Vidrio,,,,,,,4122
Carton y Papeles,,,1546,4022,,,,
Plastico,,,,,4184,3884,
Plastico,,,,,3264,1687,
Pilas,3026,3105,,,,,,
Carton y Papeles,,,4178,4993,,,,
Carton y Papeles,,,614,2865,,,,
Pilas,4234,2264,,,,,,
Carton y Papeles,,,222,706,,,,
Carton y Papeles,,,2076,4047,,,,
Carton y Papeles,,,2769,2698,,,,
Vidrio,,,,,,,3038
Carton y Papeles,,,4762,1904,,,,
Carton y Papeles,,,4898,1162,,,,
Carton y Papeles,,,2837,1863,,,,
Vidrio,,,,,,,842
Pilas,4749,735,,,,,,
Carton y Papeles,,,263,4852,,,,
Plastico,,,,,750,2016,
Vidrio,,,,,,,872
Plastico,,,,,2509,4200,
Plastico,,,,,4226,1869,
Pilas,4965,4808,,,,,,
Carton y Papeles,,,4627,2964,,,,
Plastico,,,,,777,379,
Vidrio,,,,,,,3514
Plastico,,,,,4966,4256,
Plastico,,,,,4616,1244,
Pilas,1131,996,,,,,,
Plastico,,,,,3133,4265,
Carton y Papeles,,,257,3139,,,,
Plastico,,,,,4358,2313,
Pilas,2479,2734,,,,,,
Plastico,,,,,3539,3551,
Carton y Papeles,,,1404,3850,,,,
Vidrio,,,,,,,1683
Carton y Papeles,,,4733,5077,,,,
Pilas,3890,3163,,,,,,
Pilas,1386,611,,,,,,
Vidrio,,,,,,,2282
Carton y Papeles,,,4297,2799,,,,
Vidrio,,,,,,,4454
Vidrio,,,,,,,1581
Pilas,4404,5026,,,,,,
Pilas,2038,4688,,,,,,
Vidrio,,,,,,,490
Carton y Papeles,,,3539,592,,,,
Pilas,1474,3637,,,,,,
Plastico,,,,,2803,1549,
Pilas,867,1681,,,,,,
Plastico,,,,,2730,2845,
Pilas,688,2042,,,,,,
Pilas,4203,2748,,,,,,
Vidrio,,,,,,,2036
Carton y Papeles,,,3787,3314,,,,
Carton y Papeles,,,2078,2902,,,,
Pilas,2468,3032,,,,,,
Pilas,4312,4380,,,,,,
Plastico,,,,,2849,362,
Plastico,,,,,651,134,
Carton y Papeles,,,2232,2544,,,,
Vidrio,,,,,,,1329
Carton y Papeles,,,4103,3271,,,,
Carton y Papeles,,,4558,2272,,,,
Pilas,1495,1237,,,,,,
Vidrio,,,,,,,4709
Plastico,,,,,3533,3864,
Plastico,,,,,2253,1796,
Plastico,,,,,2817,2428,
Carton y Papeles,,,567,2691,,,,
Vidrio,,,,,,,2470
Carton y Papeles,,,2752,954,,,,
Plastico,,,,,2519,2184,
Vidrio,,,,,,,2875
Vidrio,,,,,,,3296
Carton y Papeles,,,3879,1064,,,,
Pilas,5016,3871,,,,,,
Plastico,,,,,166,3657,
Plastico,,,,,3761,810,
Plastico,,,,,4647,4880,
Plastico,,,,,1496,347,
Carton y Papeles,,,3363,4069,,,,
Vidrio,,,,,,,2367
Vidrio,,,,,,,2229
Vidrio,,,,,,,2007
Pilas,266,2263,,,,,,
Pilas,3851,2394,,,,,,
Pilas,3832,2311,,,,,,
Vidrio,,,,,,,4774
Carton y Papeles,,,2584,832,,,,
Plastico,,,,,4647,3586,
Plastico,,,,,4427,3668,
Plastico,,,,,1026,2694,
Plastico,,,,,4995,2049,
Carton y Papeles,,,4818,530,,,,
Pilas,1726,174,,,,,,
Plastico,,,,,241,4366,
Plastico,,,,,2535,874,
Plastico,,,,,1098,4801,
Pilas,3376,3638,,,,,,
Pilas,2018,4537,,,,,,
Plastico,,,,,208,216,
Plastico,,,,,4795,1142,
Pilas,3997,2389,,,,,,
Carton y Papeles,,,466,3459,,,,
Vidrio,,,,,,,679
Carton y Papeles,,,2229,4705,,,,
Plastico,,,,,1495,187,
Plastico,,,,,2269,4401,
Pilas,3323,4641,,,,,,
Pilas,3213,1965,,,,,,
Vidrio,,,,,,,2650
Vidrio,,,,,,,4371
Plastico,,,,,802,4066,
Pilas,4126,2963,,,,,,
Carton y Papeles,,,752,4682,,,,
Pilas,1455,261,,,,,,
Plastico,,,,,4937,1218,
Pilas,2684,1306,,,,,,
Plastico,,,,,4854,1959,
Vidrio,,,,,,,4429
Carton y Papeles,,,103,2542,,,,
Plastico,,,,,4266,1444,
Plastico,,,,,3538,4110,
Pilas,3856,522,,,,,,
Plastico,,,,,1720,4223,
Plastico,,,,,2654,1283,
Plastico,,,,,2815,3329,
Vidrio,,,,,,,3933
Plastico,,,,,4255,1491,
Pilas,361,3351,,,,,,
Vidrio,,,,,,,4690
Pilas,167,3484,,,,,,
Plastico,,,,,685,4828,
Pilas,4123,190,,,,,,
Pilas,4232,612,,,,,,
Vidrio,,,,,,,852
Vidrio,,,,,,,1117
Plastico,,,,,919,2851,
Carton y Papeles,,,500,4422,,,,
Plastico,,,,,4958,4930,
Plastico,,,,,2263,191,
Carton y Papeles,,,2326,1134,,,,
Carton y Papeles,,,2393,4518,,,,
Vidrio,,,,,,,2979
Vidrio,,,,,,,3196
Plastico,,,,,689,1812,
Plastico,,,,,2554,3803,
Plastico,,,,,2189,4821,
Pilas,4360,3924,,,,,,
Carton y Papeles,,,4761,4599,,,,
Pilas,971,4429,,,,,,
Plastico,,,,,3134,872,
Vidrio,,,,,,,361
Plastico,,,,,4888,4006,
Carton y Papeles,,,5067,3237,,,,
Pilas,4515,1492,,,,,,
Carton y Papeles,,,2580,230,,,,
Vidrio,,,,,,,1283
Carton y Papeles,,,2365,2356,,,,
Carton y Papeles,,,1625,2533,,,,
Vidrio,,,,,,,1286
Pilas,1231,3510,,,,,,
Carton y Papeles,,,613,1544,,,,
Carton y Papeles,,,3548,3157,,,,
Pilas,3336,2064,,,,,,
Carton y Papeles,,,4655,201,,,,
Carton y Papeles,,,423,2945,,,,
Plastico,,,,,4255,4428,
Plastico,,,,,1790,1753,
Vidrio,,,,,,,399
Plastico,,,,,3040,2832,
Carton y Papeles,,,579,4764,,,,
Pilas,3989,3729,,,,,,
Carton y Papeles,,,1785,3466,,,,
Carton y Papeles,,,4843,1362,,,,
Carton y Papeles,,,3159,3187,,,,
Carton y Papeles,,,4612,792,,,,
Pilas,2458,4767,,,,,,
Vidrio,,,,,,,3138
Carton y Papeles,,,1089,1143,,,,
Pilas,1388,1973,,,,,,
Pilas,472,2151,,,,,,
Vidrio,,,,,,,136
Vidrio,,,,,,,3992
Carton y Papeles,,,689,678,,,,
Pilas,3662,1773,,,,,,
Plastico,,,,,2576,4832,
Plastico,,,,,1045,4344,
Plastico,,,,,1189,3054,
Carton y Papeles,,,488,2444,,,,
Plastico,,,,,2829,3487,
Plastico,,,,,470,361,
Vidrio,,,,,,,842
Pilas,2178,2231,,,,,,
Vidrio,,,,,,,1071
Pilas,1768,3001,,,,,,
Pilas,1683,4674,,,,,,
Vidrio,,,,,,,4159
Plastico,,,,,3013,104,
Plastico,,,,,2791,2545,
Carton y Papeles,,,4941,4285,,,,
Carton y Papeles,,,907,2014,,,,
Carton y Papeles,,,3458,2384,,,,
Plastico,,,,,533,3127,
Plastico,,,,,2611,258,
Carton y Papeles,,,3582,2406,,,,
Plastico,,,,,2835,2939,
Carton y Papeles,,,3761,3118,,,,
Pilas,4419,2383,,,,,,
Pilas,674,1426,,,,,,
Carton y Papeles,,,1235,1267,,,,
Plastico,,,,,4140,2075,
Pilas,433,1785,,,,,,
Carton y Papeles,,,4691,2218,,,,
Pilas,3965,4729,,,,,,
Plastico,,,,,4319,4564,
Pilas,2693,3651,,,,,,
Vidrio,,,,,,,2650
Carton y Papeles,,,761,4370,,,,
Pilas,3044,1094,,,,,,
Plastico,,,,,4371,263,
Carton y Papeles,,,1890,3617,,,,
Plastico,,,,,217,237,
Vidrio,,,,,,,1902
Plastico,,,,,1363,4020,
Plastico,,,,,1580,5002,
Pilas,799,4466,,,,,,
Carton y Papeles,,,4744,4369,,,,
Pilas,3646,1582,,,,,,
Plastico,,,,,2916,4467,
Plastico,,,,,3910,2925,
Carton y Papeles,,,4073,2519,,,,
Pilas,3942,2505,,,,,,
Carton y Papeles,,,432,2824,,,,
Pilas,826,439,,,,,,
Pilas,4505,1920,,,,,,
Plastico,,,,,4329,3971,
Pilas,2606,3616,,,,,,
Plastico,,,,,2175,2162,
Pilas,109,1331,,,,,,
Vidrio,,,,,,,4635
Carton y Papeles,,,501,1137,,,,
Vidrio,,,,,,,2920
Carton y Papeles,,,661,1677,,,,
Plastico,,,,,993,753,
Plastico,,,,,1720,1093,
Vidrio,,,,,,,2477
Carton y Papeles,,,2569,1706,,,,
Pilas,3674,4213,,,,,,
Pilas,4048,2640,,,,,,
Vidrio,,,,,,,2256
Carton y Papeles,,,1298,4832,,,,
Pilas,2691,233,,,,,,
Carton y Papeles,,,4410,4405,,,,
Plastico,,,,,4972,982,
Carton y Papeles,,,2217,1635,,,,
Vidrio,,,,,,,3837
Pilas,322,1214,,,,,,
Carton y Papeles,,,4144,4173,,,,
Plastico,,,,,4070,4638,
Plastico,,,,,3018,3530,
Carton y Papeles,,,1526,2431,,,,
Vidrio,,,,,,,1258
Vidrio,,,,,,,547
Vidrio,,,,,,,1693
Carton y Papeles,,,696,495,,,,
Carton y Papeles,,,2930,2036,,,,
Vidrio,,,,,,,818
Pilas,3288,4698,,,,,,
Plastico,,,,,4403,2744,
Plastico,,,,,4828,3826,
Pilas,4366,2812,,,,,,
Plastico,,,,,4148,3118,
Carton y Papeles,,,1479,4621,,,,
Vidrio,,,,,,,2246
Pilas,615,191,,,,,,
Plastico,,,,,2563,587,
Vidrio,,,,,,,394
Vidrio,,,,,,,1610
Pilas,3951,4799,,,,,,
Plastico,,,,,1954,454,
Plastico,,,,,4000,182,
Pilas,5017,800,,,,,,
Carton y Papeles,,,303,4848,,,,
Vidrio,,,,,,,2016
Vidrio,,,,,,,2740
Pilas,1077,4061,,,,,,
Vidrio,,,,,,,1169
Vidrio,,,,,,,570
Pilas,3550,2216,,,,,,
Vidrio,,,,,,,1413
Pilas,1987,1112,,,,,,
Vidrio,,,,,,,3841
Plastico,,,,,2501,4093,
Pilas,3538,4010,,,,,,
Pilas,2287,4214,,,,,,
Pilas,406,2482,,,,,,
Vidrio,,,,,,,4398
Plastico,,,,,3156,4711,
Carton y Papeles,,,4225,1102,,,,
Pilas,2133,905,,,,,,
Pilas,3817,2218,,,,,,
Carton y Papeles,,,2056,3230,,,,
Pilas,2149,948,,,,,,
Carton y Papeles,,,1142,3748,,,,
Vidrio,,,,,,,5053
Pilas,870,519,,,,,,
Pilas,2528,2901,,,,,,
Vidrio,,,,,,,3179
Pilas,3335,2790,,,,,,
Carton y Papeles,,,2461,3793,,,,
Carton y Papeles,,,846,4598,,,,
Plastico,,,,,915,3068,
Vidrio,,,,,,,2871
Plastico,,,,,2171,4920,
Plastico,,,,,964,963,
Plastico,,,,,4548,2268,
Plastico,,,,,1670,4039,
Plastico,,,,,4099,3192,
Carton y Papeles,,,3530,868,,,,
Pilas,1220,2778,,,,,,
Carton y Papeles,,,4913,1687,,,,
Pilas,763,2417,,,,,,
Vidrio,,,,,,,5083
Pilas,107,2533,,,,,,
Vidrio,,,,,,,4927
Vidrio,,,,,,,2384
Plastico,,,,,2777,1832,
Plastico,,,,,1871,4754,
Carton y Papeles,,,417,105,,,,
Plastico,,,,,2790,3535,
Plastico,,,,,3399,4656,
Pilas,2720,821,,,,,,
Pilas,4140,2837,,,,,,
Carton y Papeles,,,1376,2820,,,,
Plastico,,,,,1383,254,
Carton y Papeles,,,2562,2337,,,,
Carton y Papeles,,,957,5015,,,,
Carton y Papeles,,,2871,3138,,,,
Pilas,3725,3456,,,,,,
Carton y Papeles,,,2671,1146,,,,
Carton y Papeles,,,3737,797,,,,
Carton y Papeles,,,2482,4770,,,,
Plastico,,,,,4166,3810,
Vidrio,,,,,,,3167
Plastico,,,,,2716,3813,
Carton y Papeles,,,4222,879,,,,
Pilas,1459,228,,,,,,
Carton y Papeles,,,1374,2662,,,,
Pilas,4413,3398,,,,,,
Carton y Papeles,,,4121,491,,,,
Pilas,167,1020,,,,,,
Plastico,,,,,2217,1105,
Pilas,1887,3264,,,,,,
Plastico,,,,,1949,3159,
Carton y Papeles,,,1936,775,,,,
Vidrio,,,,,,,4557
Carton y Papeles,,,3062,4641,,,,
Carton y Papeles,,,4542,1934,,,,
Vidrio,,,,,,,2104
Vidrio,,,,,,,4548
Plastico,,,,,4336,4921,
Plastico,,,,,1949,4989,
Plastico,,,,,1847,3458,
Pilas,1831,245,,,,,,
Pilas,881,2094,,,,,,
Vidrio,,,,,,,2998
Plastico,,,,,5027,181,
Pilas,1176,4495,,,,,,
Carton y Papeles,,,3685,290,,,,
Pilas,3821,2294,,,,,,
Vidrio,,,,,,,4621
Carton y Papeles,,,1307,4443,,,,
Vidrio,,,,,,,4508
Pilas,4369,1255,,,,,,
Plastico,,,,,1045,4338,
Vidrio,,,,,,,885
Vidrio,,,,,,,3885
Carton y Papeles,,,3018,4068,,,,
Pilas,4451,1412,,,,,,
Pilas,3847,3297,,,,,,
Plastico,,,,,4037,3369,
Vidrio,,,,,,,2583
Pilas,672,4136,,,,,,
Pilas,5015,4087,,,,,,
Pilas,1951,3357,,,,,,
Pilas,2245,654,,,,,,
Plastico,,,,,2684,2792,
Plastico,,,,,1470,2829,
Pilas,1790,4145,,,,,,
Vidrio,,,,,,,3102
Carton y Papeles,,,2794,1299,,,,
Vidrio,,,,,,,3083
Carton y Papeles,,,3566,567,,,,
Carton y Papeles,,,4139,955,,,,
Carton y Papeles,,,406,4943,,,,
Plastico,,,,,3610,3200,
Plastico,,,,,755,3754,
Pilas,3340,2798,,,,,,
Plastico,,,,,1062,527,
Plastico,,,,,2752,924,
Plastico,,,,,2106,2362,
Pilas,3305,4777,,,,,,
Pilas,4126,3244,,,,,,
Vidrio,,,,,,,188
Vidrio,,,,,,,4358
Carton y Papeles,,,293,4201,,,,
Vidrio,,,,,,,3803
Carton y Papeles,,,3201,4459,,,,
Pilas,1590,4051,,,,,,
Plastico,,,,,304,5013,
Plastico,,,,,2263,2665,
Plastico,,,,,3169,4671,
Pilas,1769,4228,,,,,,
Plastico,,,,,3353,4607,
Plastico,,,,,1756,4695,
Carton y Papeles,,,1015,3644,,,,
Plastico,,,,,116,2312,
Plastico,,,,,3670,413,
Carton y Papeles,,,2230,3255,,,,
Pilas,3488,3460,,,,,,
Carton y Papeles,,,1526,1975,,,,
Plastico,,,,,389,5044,
Carton y Papeles,,,1513,1713,,,,
Carton y Papeles,,,2315,1319,,,,
Pilas,3965,2975,,,,,,
Vidrio,,,,,,,4150
Plastico,,,,,1724,4529,
Vidrio,,,,,,,3936
Vidrio,,,,,,,181
Carton y Papeles,,,3404,2311,,,,
Carton y Papeles,,,2148,2051,,,,
Carton y Papeles,,,805,3478,,,,
Pilas,3379,3767,,,,,,
Pilas,1876,1532,,,,,,
Carton y Papeles,,,4501,3748,,,,
Pilas,2986,2613,,,,,,
Pilas,1065,3016,,,,,,
Plastico,,,,,2689,2445,
Carton y Papeles,,,1525,956,,,,
Plastico,,,,,2027,4260,
Carton y Papeles,,,2036,2660,,,,
Carton y Papeles,,,4053,3365,,,,
Vidrio,,,,,,,649
Pilas,2994,2189,,,,,,
Pilas,4426,342,,,,,,
Carton y Papeles,,,4426,1067,,,,
Vidrio,,,,,,,3292
Vidrio,,,,,,,4377
Pilas,3409,1966,,,,,,
Carton y Papeles,,,3663,4744,,,,
Carton y Papeles,,,2645,3023,,,,
Carton y Papeles,,,191,4959,,,,
Carton y Papeles,,,4688,264,,,,
Plastico,,,,,3915,2165,
Plastico,,,,,1809,4254,
Plastico,,,,,2487,4496,
Vidrio,,,,,,,1814
Vidrio,,,,,,,2051
Plastico,,,,,2734,2680,
Plastico,,,,,2396,898,
Vidrio,,,,,,,959
Plastico,,,,,2932,3504,
Carton y Papeles,,,4105,4947,,,,
Pilas,4190,887,,,,,,
Pilas,1188,4702,,,,,,
Carton y Papeles,,,2434,2763,,,,
Vidrio,,,,,,,2000
Vidrio,,,,,,,4512
Vidrio,,,,,,,3217
Vidrio,,,,,,,3942
Vidrio,,,,,,,214
Plastico,,,,,4545,2510,
Carton y Papeles,,,1716,3369,,,,
Vidrio,,,,,,,900
Carton y Papeles,,,185,4905,,,,
Carton y Papeles,,,2465,3995,,,,
Pilas,4910,1435,,,,,,
Vidrio,,,,,,,4419
Carton y Papeles,,,2378,4435,,,,
Carton y Papeles,,,3781,199,,,,
Pilas,3250,2678,,,,,,
Vidrio,,,,,,,329
Pilas,529,4774,,,,,,
Plastico,,,,,4102,1390,
Vidrio,,,,,,,3118
Plastico,,,,,2849,4555,
Vidrio,,,,,,,2074
Pilas,3594,2086,,,,,,
Plastico,,,,,1281,1701,
Plastico,,,,,1302,332,
Carton y Papeles,,,3223,365,,,,
Pilas,2036,3516,,,,,,
Plastico,,,,,1043,3745,
Vidrio,,,,,,,1472
Pilas,4913,475,,,,,,
Plastico,,,,,4637,4845,
Carton y Papeles,,,3738,4300,,,,
Pilas,2064,1120,,,,,,
Vidrio,,,,,,,4050
Vidrio,,,,,,,1484
Pilas,1405,4039,,,,,,
Pilas,4394,2162,,,,,,
Carton y Papeles,,,2482,4098,,,,
Carton y Papeles,,,3148,5041,,,,
Vidrio,,,,,,,2859
Plastico,,,,,1939,2673,
Carton y Papeles,,,4253,3562,,,,
Plastico,,,,,5010,3552,
Plastico,,,,,367,516,
Plastico,,,,,570,818,
Carton y Papeles,,,1954,2722,,,,
Plastico,,,,,893,1210,
Pilas,4308,4964,,,,,,
Plastico,,,,,4658,2133,
Vidrio,,,,,,,952
Pilas,1306,3618,,,,,,
Vidrio,,,,,,,3879
Vidrio,,,,,,,2997
Carton y Papeles,,,2149,2907,,,,
Carton y Papeles,,,487,3174,,,,
Carton y Papeles,,,1197,4996,,,,
Pilas,911,3203,,,,,,
Plastico,,,,,1929,3996,
Carton y Papeles,,,3594,4556,,,,
Carton y Papeles,,,2640,4115,,,,
Plastico,,,,,1087,4967,
Vidrio,,,,,,,2294
Carton y Papeles,,,2262,2425,,,,
Pilas,159,1019,,,,,,
Carton y Papeles,,,2967,4416,,,,
Pilas,2393,3230,,,,,,
Carton y Papeles,,,2290,2762,,,,
Pilas,393,1268,,,,,,
Plastico,,,,,641,885,
Pilas,5098,366,,,,,,
Pilas,465,3233,,,,,,
Pilas,332,1652,,,,,,
Plastico,,,,,5069,3814,
Vidrio,,,,,,,2717
Plastico,,,,,438,3766,
Carton y Papeles,,,4755,3850,,,,
Plastico,,,,,2885,1383,
Pilas,1899,4728,,,,,,
Carton y Papeles,,,4419,4902,,,,
Vidrio,,,,,,,205
Plastico,,,,,3817,1823,
Plastico,,,,,4182,1308,
Plastico,,,,,766,4212,
Pilas,2087,4279,,,,,,
Pilas,1056,4405,,,,,,
Plastico,,,,,4722,3750,
Carton y Papeles,,,4824,388,,,,
Plastico,,,,,1107,569,
Carton y Papeles,,,2087,2394,,,,
Carton y Papeles,,,1889,1113,,,,
Plastico,,,,,1711,4830,
Carton y Papeles,,,2742,264,,,,
Plastico,,,,,3672,2282,
Plastico,,,,,1697,4269,
Carton y Papeles,,,4141,1577,,,,
Plastico,,,,,1923,2551,
Pilas,4361,2275,,,,,,
Carton y Papeles,,,2287,4635,,,,
Plastico,,,,,2013,1622,
Pilas,1058,4764,,,,,,
Plastico,,,,,1560,1375,
Pilas,3785,369,,,,,,
Carton y Papeles,,,3571,3942,,,,
Vidrio,,,,,,,2470
Vidrio,,,,,,,501
Vidrio,,,,,,,932
Plastico,,,,,1578,2755,
Plastico,,,,,3962,3368,
Carton y Papeles,,,283,1908,,,,
Pilas,4777,3821,,,,,,
Vidrio,,,,,,,1566
Vidrio,,,,,,,5031
Pilas,3943,1306,,,,,,
Pilas,3980,2928,,,,,,
Carton y Papeles,,,2452,1770,,,,
Carton y Papeles,,,4822,4913,,,,
Plastico,,,,,269,745,
Pilas,3099,4752,,,,,,
Plastico,,,,,1962,4373,
Pilas,2145,1181,,,,,,
Pilas,3175,1254,,,,,,
Vidrio,,,,,,,4641
Carton y Papeles,,,1942,3909,,,,
Pilas,4501,709,,,,,,
Pilas,2329,2911,,,,,,
Pilas,351,3640,,,,,,
Plastico,,,,,1516,1122,
Pilas,3513,1834,,,,,,
Vidrio,,,,,,,3165
Carton y Papeles,,,4817,3790,,,,
Carton y Papeles,,,3215,1223,,,,
Carton y Papeles,,,1290,2377,,,,
Carton y Papeles,,,2183,914,,,,
Vidrio,,,,,,,992
Plastico,,,,,2280,2953,
Vidrio,,,,,,,861
Pilas,3167,2464,,,,,,
Pilas,2854,3880,,,,,,
Plastico,,,,,2710,2293,
Carton y Papeles,,,1917,1711,,,,
Plastico,,,,,1635,1753,
Vidrio,,,,,,,1102
Carton y Papeles,,,244,3644,,,,
Plastico,,,,,1181,727,
Carton y Papeles,,,2609,1619,,,,
Vidrio,,,,,,,1141
Pilas,3618,3255,,,,,,
Carton y Papeles,,,3038,619,,,,
Carton y Papeles,,,792,4400,,,,
Pilas,4754,2945,,,,,,
Carton y Papeles,,,1571,908,,,,
Vidrio,,,,,,,4458
Plastico,,,,,3962,1812,
Vidrio,,,,,,,458
Pilas,393,1540,,,,,,
Vidrio,,,,,,,2614
Carton y Papeles,,,3854,1678,,,,
Plastico,,,,,931,1548,
Carton y Papeles,,,3672,838,,,,
Carton y Papeles,,,1969,2882,,,,
Carton y Papeles,,,3197,3888,,,,
Plastico,,,,,442,1712,
Vidrio,,,,,,,1833
Plastico,,,,,4589,695,
Vidrio,,,,,,,4828
Plastico,,,,,4391,1473,
Plastico,,,,,1627,3988,
Vidrio,,,,,,,381
Plastico,,,,,4545,1212,
Plastico,,,,,395,4784,
Carton y Papeles,,,3116,3006,,,,
Vidrio,,,,,,,137
Vidrio,,,,,,,2028
Vidrio,,,,,,,2798
Pilas,4734,4531,,,,,,
Plastico,,,,,4223,1479,
Carton y Papeles,,,303,137,,,,
Carton y Papeles,,,1677,235,,,,
Pilas,1917,1986,,,,,,
Carton y Papeles,,,3735,1431,,,,
Plastico,,,,,3353,3078,
Plastico,,,,,5062,1094,
Pilas,3202,2483,,,,,,
Pilas,1482,5091,,,,,,
Plastico,,,,,1374,1077,
Carton y Papeles,,,2236,201,,,,
Pilas,3486,1756,,,,,,
Carton y Papeles,,,4027,3333,,,,
Pilas,1095,150,,,,,,
Plastico,,,,,4796,137,
Plastico,,,,,962,4743,
Pilas,3165,4705,,,,,,
Vidrio,,,,,,,3273
Vidrio,,,,,,,2578
Carton y Papeles,,,541,3921,,,,
Vidrio,,,,,,,1815
Vidrio,,,,,,,3197
Pilas,1352,1873,,,,,,
Plastico,,,,,4360,1939,
Carton y Papeles,,,2594,2139,,,,
Pilas,3996,578,,,,,,
Pilas,386,348,,,,,,
Vidrio,,,,,,,5029
Pilas,1292,4634,,,,,,
Vidrio,,,,,,,4465
Plastico,,,,,3374,103,
Vidrio,,,,,,,3547
Plastico,,,,,3555,4698,
Vidrio,,,,,,,3759
Plastico,,,,,3477,5053,
Vidrio,,,,,,,316
Plastico,,,,,4057,2355,
